fold,accuracy,balanced_accuracy,macro_f1,weighted_f1,collision_recall,roc_auc_ovr_macro,pr_auc_ovr_macro,missed_warnings_near_to_safe
1,0.7546362339514978,0.8141292685269761,0.5438693335805694,0.794836735555282,1.0,0.9415058634466624,0.6916633193645073,8
2,0.874711049468331,0.8391459582976294,0.619276570510677,0.8907455712467581,0.8,0.9823099476710486,0.8579674566738021,25
3,0.8498116760828626,0.8814550209924977,0.6057937067988166,0.8745442113210021,1.0,0.97182528630431,0.8014804620940478,13
4,0.8220502901353965,0.8557004054882794,0.5865599828448126,0.8534881769427344,1.0,0.9623639546792685,0.705981965434355,9
5,0.9006352087114338,0.9243424893533411,0.6605408373195575,0.9166801670307185,1.0,0.9878932383091632,0.9134772691262768,5
