{
  "n_folds": 5,
  "threshold": 0.1,
  "data_path": "datasets/3d_skeletons_risk",
  "settings": {
    "epochs": 10,
    "batch_size": 128,
    "lr": 0.001,
    "use_weighted_sampler": true,
    "augment_collision": true,
    "augment_factor": 50,
    "train_stride": 10,
    "val_stride": 20,
    "test_stride": 30,
    "seed": 42
  },
  "val": {
    "accuracy": {
      "n": 5,
      "mean": 0.8327476108844449,
      "std": 0.05261142502898327,
      "median": 0.8570815450643777,
      "min": 0.7474290415466887,
      "max": 0.8746781115879828,
      "ci95": [
        0.7866316635633323,
        0.8788635582055576
      ]
    },
    "balanced_accuracy": {
      "n": 5,
      "mean": 0.8722764204044063,
      "std": 0.040049952547152934,
      "median": 0.8890660804379421,
      "min": 0.805319545829769,
      "max": 0.9050759558643381,
      "ci95": [
        0.837171089179105,
        0.9073817516297077
      ]
    },
    "macro_f1": {
      "n": 5,
      "mean": 0.6090989214500769,
      "std": 0.04269768170470711,
      "median": 0.6284554262582392,
      "min": 0.5395493405132327,
      "max": 0.6436739172646883,
      "ci95": [
        0.5716727532909143,
        0.6465250896092396
      ]
    },
    "weighted_f1": {
      "n": 5,
      "mean": 0.8560253607048061,
      "std": 0.04733070844011809,
      "median": 0.8745074985464425,
      "min": 0.7758281453804659,
      "max": 0.8924041857367958,
      "ci95": [
        0.8145381655586379,
        0.8975125558509742
      ]
    },
    "collision_recall": {
      "n": 5,
      "mean": 1.0,
      "std": 0.0,
      "median": 1.0,
      "min": 1.0,
      "max": 1.0,
      "ci95": [
        1.0,
        1.0
      ]
    },
    "missed_warnings_near_to_safe": {
      "n": 5,
      "mean": 17.2,
      "std": 11.432410069622241,
      "median": 15.0,
      "min": 2.0,
      "max": 30.0,
      "ci95": [
        7.179050743567254,
        27.220949256432746
      ]
    },
    "roc_auc_ovr_macro": {
      "n": 5,
      "mean": 0.9693607725926021,
      "std": 0.010715145148112788,
      "median": 0.9706408284554819,
      "min": 0.9550139628742648,
      "max": 0.9795762456490337,
      "ci95": [
        0.9599685337601389,
        0.9787530114250653
      ]
    },
    "pr_auc_ovr_macro": {
      "n": 5,
      "mean": 0.7644193709494937,
      "std": 0.06525454615018786,
      "median": 0.7496684768562104,
      "min": 0.698629291001892,
      "max": 0.8414246099652489,
      "ci95": [
        0.7072212393446686,
        0.8216175025543189
      ]
    }
  },
  "test": {
    "accuracy": {
      "n": 5,
      "mean": 0.8403688916699042,
      "std": 0.056094203602318184,
      "median": 0.8498116760828626,
      "min": 0.7546362339514978,
      "max": 0.9006352087114338,
      "ci95": [
        0.7912001543296934,
        0.8895376290101151
      ]
    },
    "balanced_accuracy": {
      "n": 5,
      "mean": 0.8629546285317448,
      "std": 0.042172640086109214,
      "median": 0.8557004054882794,
      "min": 0.8141292685269761,
      "max": 0.9243424893533411,
      "ci95": [
        0.825988679642661,
        0.8999205774208285
      ]
    },
    "macro_f1": {
      "n": 5,
      "mean": 0.6032080862108866,
      "std": 0.04286657462585387,
      "median": 0.6057937067988166,
      "min": 0.5438693335805694,
      "max": 0.6605408373195575,
      "ci95": [
        0.5656338768791037,
        0.6407822955426695
      ]
    },
    "weighted_f1": {
      "n": 5,
      "mean": 0.866058972419299,
      "std": 0.04602869949173518,
      "median": 0.8745442113210021,
      "min": 0.794836735555282,
      "max": 0.9166801670307185,
      "ci95": [
        0.8257130384353625,
        0.9064049064032355
      ]
    },
    "collision_recall": {
      "n": 5,
      "mean": 0.96,
      "std": 0.08944271909999157,
      "median": 1.0,
      "min": 0.8,
      "max": 1.0,
      "ci95": [
        0.8815999999999999,
        1.0384
      ]
    },
    "missed_warnings_near_to_safe": {
      "n": 5,
      "mean": 12.0,
      "std": 7.810249675906654,
      "median": 9.0,
      "min": 5.0,
      "max": 25.0,
      "ci95": [
        5.154014314943392,
        18.845985685056608
      ]
    },
    "roc_auc_ovr_macro": {
      "n": 5,
      "mean": 0.9691796580820906,
      "std": 0.01831594019354644,
      "median": 0.97182528630431,
      "min": 0.9415058634466624,
      "max": 0.9878932383091632,
      "ci95": [
        0.9531250286430112,
        0.98523428752117
      ]
    },
    "pr_auc_ovr_macro": {
      "n": 5,
      "mean": 0.7941140945385978,
      "std": 0.09571117514271679,
      "median": 0.8014804620940478,
      "min": 0.6916633193645073,
      "max": 0.9134772691262768,
      "ci95": [
        0.7102195505590007,
        0.878008638518195
      ]
    }
  }
}