{
  "best_epoch": 2,
  "best_val_loss": 0.35611423877094667,
  "best_min_recall": 0.6919203867287409,
  "best_mean_recall": 0.7527021848467607,
  "eval_frames": 15,
  "threshold": 0.1,
  "risk_weights": [
    1.0,
    1.0,
    5.0
  ],
  "augment_factor": 30
}