{
  "fold": 1,
  "train_subjects": [
    "S19",
    "S03",
    "S00",
    "S16",
    "S05",
    "S11",
    "S18",
    "S02",
    "S04",
    "S17",
    "S01",
    "S13",
    "S08"
  ],
  "val_subjects": [
    "S12",
    "S10",
    "S06"
  ],
  "test_subjects": [
    "S15",
    "S09",
    "S14",
    "S07"
  ],
  "config": {
    "threshold": 0.1,
    "risk_weights": [
      1.0,
      1.0,
      5.0
    ],
    "augment_factor": 30,
    "lr": 0.0002,
    "epochs": 5,
    "patience": 15,
    "eval_frames": 15,
    "seed": 43
  },
  "val": {
    "loss": 0.2947067398710197,
    "accuracy": 0.7176766590684271,
    "min_recall_first_k": 0.7764851732383856,
    "mean_recall_first_k": 0.7941588216204094,
    "per_class_first_k": {
      "Safe": 0.8264213991497246,
      "Near-Collision": 0.7764851732383856,
      "Collision": 0.7795698924731183
    },
    "eval_frames": 15
  },
  "test": {
    "loss": 0.3057681639515991,
    "accuracy": 0.6989176005273566,
    "min_recall_first_k": 0.7579523339349482,
    "mean_recall_first_k": 0.8139841232290502,
    "per_class_first_k": {
      "Safe": 0.8425585943107612,
      "Near-Collision": 0.7579523339349482,
      "Collision": 0.8414414414414414
    },
    "eval_frames": 15
  }
}