{
  "best_epoch": 3,
  "best_val_loss": 0.2947067398710197,
  "best_min_recall": 0.7764851732383856,
  "best_mean_recall": 0.7941588216204094,
  "eval_frames": 15,
  "threshold": 0.1,
  "risk_weights": [
    1.0,
    1.0,
    5.0
  ],
  "augment_factor": 30
}